feature,raw_feature_value,shap_value,absolute_shap_value
AI2_Current_min,59.604652,2.272651,2.272651
AI2_Current_mean,198.483489,1.189487,1.189487
AI0_Vibration_rms,0.032128,-1.052346,1.052346
AI2_Current_max,301.599540,0.541805,0.541805
AI0_Vibration_mean,-0.018492,-0.510995,0.510995
AI0_Vibration_min,-0.053349,-0.453283,0.453283
AI1_Vibration_mean,0.023105,-0.377402,0.377402
AI1_Vibration_peak_to_peak,0.212690,-0.356090,0.356090
AI2_Current_peak_to_peak,241.994888,-0.294082,0.294082
AI1_Vibration_std,0.067584,-0.291097,0.291097
AI1_Vibration_rms,0.068152,-0.286351,0.286351
AI1_Vibration_max,0.151335,-0.156302,0.156302
AI2_Current_std,62.814367,0.122818,0.122818
AI0_Vibration_std,0.027693,-0.119550,0.119550
AI1_Vibration_min,-0.061356,-0.095890,0.095890
AI0_Vibration_max,0.027736,0.077207,0.077207
AI0_Vibration_peak_to_peak,0.081084,-0.051902,0.051902
AI2_Current_rms,207.236039,0.009203,0.009203
