window_size,fold,precision,recall,f1,balanced_accuracy,pr_auc
5,1,1.0,0.8636363636363636,0.926829268292683,0.9318181818181819,0.9669097249742409
5,2,0.92,1.0,0.9583333333333334,0.998696219035202,0.9999999999999998
5,3,0.95,0.8260869565217391,0.8837209302325582,0.9123915877784706,0.9553707972754045
5,4,1.0,0.8333333333333334,0.9090909090909091,0.9166666666666667,0.9999999999999998
5,5,0.9523809523809523,0.9090909090909091,0.9302325581395349,0.9538935640630556,0.9890544238370325
10,1,1.0,0.8,0.8888888888888888,0.9,0.9714285714285714
10,2,1.0,0.9090909090909091,0.9523809523809523,0.9545454545454546,1.0
10,3,0.9090909090909091,0.9090909090909091,0.9090909090909091,0.9531718281718282,0.9750688705234161
10,4,1.0,1.0,1.0,1.0,0.9999999999999999
10,5,1.0,0.9090909090909091,0.9523809523809523,0.9545454545454546,0.9340909090909091
20,1,1.0,1.0,1.0,1.0,1.0
20,2,1.0,1.0,1.0,1.0,1.0
20,3,1.0,0.8,0.8888888888888888,0.9,1.0
20,4,1.0,0.75,0.8571428571428571,0.875,1.0
20,5,1.0,0.75,0.8571428571428571,0.875,0.95
